{"cameraMode":{"drawMode":0,"name":"Shaded","section":"Shading Mode"},"sceneLighting":true,"audioPlay":false,"sceneViewState":{"showFog":true,"showMaterialUpdate":false,"showSkybox":true,"showFlares":true,"showImageEffects":true,"showParticleSystems":true},"in2DMode":false,"pivot":{"x":-1.0531357526779175,"y":1.4738173484802247,"z":-2.918116569519043},"rotation":{"x":-0.025001440197229387,"y":0.5648766160011292,"z":-0.017126422375440599,"w":-0.8246209621429443},"size":6.804947853088379,"orthographic":false}