{"cameraMode":{"drawMode":0,"name":"Shaded","section":"Shading Mode"},"sceneLighting":true,"audioPlay":false,"sceneViewState":{"showFog":true,"showMaterialUpdate":false,"showSkybox":true,"showFlares":true,"showImageEffects":true,"showParticleSystems":true},"in2DMode":false,"pivot":{"x":1.3740596771240235,"y":2.5393729209899904,"z":-0.5740222930908203},"rotation":{"x":0.04795035719871521,"y":0.03595149144530296,"z":0.0017273079138249159,"w":-0.9982010126113892},"size":3.595104694366455,"orthographic":false}