{"cameraMode":{"drawMode":0,"name":"Shaded","section":"Shading Mode"},"sceneLighting":true,"audioPlay":false,"sceneViewState":{"showFog":true,"showMaterialUpdate":false,"showSkybox":true,"showFlares":true,"showImageEffects":true,"showParticleSystems":true},"in2DMode":false,"pivot":{"x":-83.50025939941406,"y":-5.818288803100586,"z":-4.4970598220825199},"rotation":{"x":-0.08884669095277786,"y":0.5118780136108398,"z":-0.053329721093177798,"w":-0.8527863025665283},"size":155.0960693359375,"orthographic":false}