{"cameraMode":{"drawMode":0,"name":"Shaded","section":"Shading Mode"},"sceneLighting":true,"audioPlay":false,"sceneViewState":{"showFog":true,"showMaterialUpdate":false,"showSkybox":true,"showFlares":true,"showImageEffects":true,"showParticleSystems":true},"in2DMode":false,"pivot":{"x":-50.90599822998047,"y":-9.729000091552735,"z":5.309999942779541},"rotation":{"x":-0.13220208883285523,"y":0.8462679982185364,"z":-0.24684254825115205,"w":-0.4532375931739807},"size":6.000291347503662,"orthographic":false}