{"cameraMode":{"drawMode":0,"name":"Shaded","section":"Shading Mode"},"sceneLighting":false,"audioPlay":false,"sceneViewState":{"showFog":true,"showMaterialUpdate":false,"showSkybox":false,"showFlares":true,"showImageEffects":true,"showParticleSystems":true},"in2DMode":false,"pivot":{"x":0.9245872497558594,"y":2.2637264728546144,"z":-0.5795259475708008},"rotation":{"x":-0.11093752086162567,"y":0.23093906044960023,"z":-0.0265195332467556,"w":-0.9662838578224182},"size":16.033517837524415,"orthographic":false}