{"cameraMode":{"drawMode":0,"name":"Shaded","section":"Shading Mode"},"sceneLighting":false,"audioPlay":false,"sceneViewState":{"showFog":true,"showMaterialUpdate":false,"showSkybox":false,"showFlares":true,"showImageEffects":true,"showParticleSystems":true},"in2DMode":false,"pivot":{"x":-2.322999954223633,"y":0.2980000078678131,"z":-4.3960065841674809},"rotation":{"x":-0.268100768327713,"y":0.05112319067120552,"z":-0.014251060783863068,"w":-0.9619445204734802},"size":22.0,"orthographic":false}