{"cameraMode":{"drawMode":0,"name":"Shaded","section":"Shading Mode"},"sceneLighting":true,"audioPlay":false,"sceneViewState":{"showFog":true,"showMaterialUpdate":false,"showSkybox":true,"showFlares":true,"showImageEffects":true,"showParticleSystems":true},"in2DMode":false,"pivot":{"x":0.000026702880859375,"y":0.9999313354492188,"z":-10.00004768371582},"rotation":{"x":0.1179293841123581,"y":0.39620649814605715,"z":-0.051396023482084277,"w":0.9091042280197144},"size":10.386822700500489,"orthographic":false}