{"cameraMode":{"drawMode":0,"name":"Shaded","section":"Shading Mode"},"sceneLighting":true,"audioPlay":false,"sceneViewState":{"showFog":true,"showMaterialUpdate":false,"showSkybox":true,"showFlares":true,"showImageEffects":true,"showParticleSystems":true},"in2DMode":false,"pivot":{"x":-8.718705177307129,"y":-1.8528618812561036,"z":-9.728985786437989},"rotation":{"x":0.1931222677230835,"y":-0.5307560563087463,"z":0.12567247450351716,"w":0.8156120777130127},"size":15.338393211364746,"orthographic":false}