{"cameraMode":{"drawMode":0,"name":"Shaded","section":"Shading Mode"},"sceneLighting":false,"audioPlay":false,"sceneViewState":{"showFog":true,"showMaterialUpdate":false,"showSkybox":false,"showFlares":true,"showImageEffects":true,"showParticleSystems":true},"in2DMode":false,"pivot":{"x":2.4845657348632814,"y":6.859127044677734,"z":-16.00665855407715},"rotation":{"x":0.03540940210223198,"y":-0.961679995059967,"z":0.1500791758298874,"w":0.2268703728914261},"size":4.658854007720947,"orthographic":false}