{"cameraMode":{"drawMode":0,"name":"Shaded","section":"Shading Mode"},"sceneLighting":false,"audioPlay":false,"sceneViewState":{"showFog":true,"showMaterialUpdate":false,"showSkybox":false,"showFlares":true,"showImageEffects":true,"showParticleSystems":true},"in2DMode":false,"pivot":{"x":-13.850444793701172,"y":11.880000114440918,"z":-0.25999999046325686},"rotation":{"x":-0.10958664119243622,"y":0.856234073638916,"z":-0.20302802324295045,"w":-0.4622392952442169},"size":7.00813102722168,"orthographic":false}