{"cameraMode":{"drawMode":0,"name":"Shaded","section":"Shading Mode"},"sceneLighting":true,"audioPlay":false,"sceneViewState":{"showFog":true,"showMaterialUpdate":false,"showSkybox":true,"showFlares":true,"showImageEffects":true,"showParticleSystems":true},"in2DMode":false,"pivot":{"x":2.357083797454834,"y":2.2521162033081056,"z":-0.4238693118095398},"rotation":{"x":-0.1300075650215149,"y":0.40279364585876467,"z":-0.05791705101728439,"w":-0.9041581749916077},"size":5.285545349121094,"orthographic":false}